year,P1 drogued only,P1s sensitivity (lost date = end excluded),P2 drogued + undrogued,P3 all observations
1987,0,0,0,0
1988,0,0,0,0
1989,0,0,0,0
1990,1,1,2,2
1991,0,0,0,0
1992,0,0,0,0
1993,0,0,0,0
1994,0,0,1,1
1995,0,0,0,0
1996,1,0,1,1
1997,3,0,3,3
1998,3,0,4,4
1999,2,1,4,4
2000,1,1,1,1
2001,3,2,3,3
2002,6,5,6,6
2003,42,25,48,48
2004,44,38,63,63
2005,134,81,173,173
2006,96,61,168,168
2007,34,17,81,81
2008,60,46,91,91
2009,84,53,139,139
2010,103,71,160,160
2011,142,80,202,202
2012,73,36,109,109
2013,73,43,96,96
2014,93,59,119,119
2015,89,52,123,123
2016,53,24,107,107
2017,97,37,144,144
2018,40,15,73,73
2019,58,30,71,71
2020,72,38,94,94
2021,35,19,62,63
2022,41,34,73,79
2023,0,0,0,0
