year,P1 drogued only,P2 drogued + unknown,P3 all observations
1987,0,0,0
1988,0,0,0
1989,0,0,0
1990,4967,4967,9516
1991,0,0,0
1992,0,0,0
1993,0,0,0
1994,0,0,1816
1995,0,0,26
1996,733,733,1087
1997,2792,2792,2833
1998,4707,4707,4865
1999,473,473,1379
2000,1428,1428,1428
2001,8667,8667,9154
2002,8301,8301,10503
2003,42360,42360,56731
2004,38801,38801,123630
2005,97565,97566,215965
2006,87391,87391,256357
2007,31788,31788,151545
2008,60048,60050,160592
2009,98673,98673,322142
2010,121175,121175,313301
2011,131837,131838,337695
2012,42245,42245,148492
2013,56707,56708,144133
2014,76592,76592,160172
2015,89633,89633,211633
2016,44180,44180,185919
2017,109265,109265,218902
2018,82068,82069,169780
2019,72793,72793,135646
2020,89984,89984,180259
2021,50215,50215,143149
2022,27417,27417,85971
2023,0,0,0
